{
  "n_nodes_per_seed": 2000,
  "n_seeds_fairness": 5,
  "tier_proportions": [
    0.4,
    0.3,
    0.2,
    0.1
  ],
  "fairness_invariant_unit_revenue": {
    "0.40": 7.651782809579803e-05,
    "0.30": 7.658665728104738e-05,
    "0.20": 7.630422439347869e-05,
    "0.10": 7.613112831662351e-05
  },
  "pearson_relay_forwards_all": 0.9461789221156802,
  "spearman_relay_forwards_all": 0.9023796464686645,
  "sybil_n_honest": 300,
  "sybil_mean_degree": 20,
  "sybil_fee_fraction": 0.1,
  "sybil_n_seeds": 3,
  "sybil_profit_by_tier_and_x": {
    "0.40": {
      "0": {
        "mean": 0.0,
        "sem": 0.0
      },
      "5": {
        "mean": -0.2918937605924048,
        "sem": 0.006349144591329072
      },
      "10": {
        "mean": -0.5518974871387546,
        "sem": 0.0072274753745709495
      },
      "20": {
        "mean": -1.4410685291688832,
        "sem": 0.0263991438707778
      },
      "30": {
        "mean": -2.443670997677429,
        "sem": 0.027003681039445494
      },
      "50": {
        "mean": -4.446100351564066,
        "sem": 0.02772852266710508
      }
    },
    "0.30": {
      "0": {
        "mean": 0.0,
        "sem": 0.0
      },
      "5": {
        "mean": -0.40608088584958235,
        "sem": 0.011641868142858197
      },
      "10": {
        "mean": -0.7064080437574162,
        "sem": 0.008814457417714094
      },
      "20": {
        "mean": -1.2469172037197416,
        "sem": 0.00766978424973066
      },
      "30": {
        "mean": -1.7665901989415111,
        "sem": 0.007437316914710989
      },
      "50": {
        "mean": -2.864354083206344,
        "sem": 0.07716621858386136
      }
    },
    "0.20": {
      "0": {
        "mean": 0.0,
        "sem": 0.0
      },
      "5": {
        "mean": -0.0011344910049383057,
        "sem": 0.01630161913431096
      },
      "10": {
        "mean": -0.03641991652330109,
        "sem": 0.04961403742387074
      },
      "20": {
        "mean": -0.6776903440170621,
        "sem": 0.02820342434375146
      },
      "30": {
        "mean": -1.2566270165070466,
        "sem": 0.01824295082040654
      },
      "50": {
        "mean": -2.34984119537426,
        "sem": 0.009803484566496982
      }
    },
    "0.10": {
      "0": {
        "mean": 0.0,
        "sem": 0.0
      },
      "5": {
        "mean": 0.0009568188517797097,
        "sem": 0.008184234041704246
      },
      "10": {
        "mean": -0.0050654783765199385,
        "sem": 0.015515537181184005
      },
      "20": {
        "mean": -0.05457689596881484,
        "sem": 0.028129506499954094
      },
      "30": {
        "mean": -0.14712549090794805,
        "sem": 0.038537401736053196
      },
      "50": {
        "mean": -0.45451486117896023,
        "sem": 0.04240842867158496
      }
    }
  }
}