{
  "n_nodes_per_seed": 2000,
  "n_seeds_fairness": 5,
  "fairness_invariant_unit_revenue": {
    "Micro": 7.651782809579803e-05,
    "Small": 7.643985623371225e-05,
    "Medium": 7.650757616188333e-05,
    "Large": 7.58749381515347e-05
  },
  "pearson_relay_forwards_all": 0.9384420882277125,
  "spearman_relay_forwards_all": 0.8938089042304099,
  "sybil_n_honest": 300,
  "sybil_mean_degree": 20,
  "sybil_fee_fraction": 0.1,
  "sybil_n_seeds": 3,
  "sybil_profit_by_tier_and_x": {
    "Micro": {
      "0": {
        "mean": 0.0,
        "sem": 0.0
      },
      "5": {
        "mean": -0.2918937605924048,
        "sem": 0.006349144591329072
      },
      "10": {
        "mean": -0.5518974871387546,
        "sem": 0.0072274753745709495
      },
      "20": {
        "mean": -1.4410685291688832,
        "sem": 0.0263991438707778
      },
      "30": {
        "mean": -2.443670997677429,
        "sem": 0.027003681039445494
      },
      "50": {
        "mean": -4.446100351564066,
        "sem": 0.02772852266710508
      }
    },
    "Small": {
      "0": {
        "mean": 0.0,
        "sem": 0.0
      },
      "5": {
        "mean": -0.38678470790240027,
        "sem": 0.011006549993962443
      },
      "10": {
        "mean": -0.6814142696263678,
        "sem": 0.012818255609069478
      },
      "20": {
        "mean": -1.2210589784949855,
        "sem": 0.013740331733622359
      },
      "30": {
        "mean": -1.7412825434513735,
        "sem": 0.014079534962762812
      },
      "50": {
        "mean": -2.915714898049643,
        "sem": 0.08762663902569337
      }
    },
    "Medium": {
      "0": {
        "mean": 0.0,
        "sem": 0.0
      },
      "5": {
        "mean": -0.008812693039461491,
        "sem": 0.007594431528879252
      },
      "10": {
        "mean": -0.03073352659430295,
        "sem": 0.007855656510547974
      },
      "20": {
        "mean": -0.666212382171502,
        "sem": 0.0022367555029085776
      },
      "30": {
        "mean": -1.2416340990461316,
        "sem": 0.004396766682829766
      },
      "50": {
        "mean": -2.3307890100604998,
        "sem": 0.006501904717858195
      }
    },
    "Large": {
      "0": {
        "mean": 0.0,
        "sem": 0.0
      },
      "5": {
        "mean": 0.0068331176582436814,
        "sem": 0.018449243924016243
      },
      "10": {
        "mean": 0.00594229259026043,
        "sem": 0.03519881217221011
      },
      "20": {
        "mean": -0.03522939429587798,
        "sem": 0.06512401644788215
      },
      "30": {
        "mean": -0.12150700782382828,
        "sem": 0.0910110335226001
      },
      "50": {
        "mean": -0.4605268874819775,
        "sem": 0.1264726526062715
      }
    }
  }
}