{
  "n_nodes_per_seed": 2000,
  "n_seeds_fairness": 5,
  "fairness_invariant_unit_revenue": {
    "Micro": 7.651782809579803e-05,
    "Small": 7.643985623371225e-05,
    "Medium": 7.650757616188333e-05,
    "Large": 7.58749381515347e-05
  },
  "pearson_relay_forwards_all": 0.9384420882277137,
  "spearman_relay_forwards_all": 0.8938089042304099,
  "sybil_profit_by_tier_and_x": {
    "Large": {
      "0": 0.0,
      "5": -0.5,
      "10": -1.0,
      "15": -1.5,
      "20": -2.0,
      "30": -3.0,
      "40": -4.0,
      "50": -5.0
    },
    "Medium": {
      "0": 0.0,
      "5": -0.5,
      "10": -1.0,
      "15": -1.5,
      "20": -2.0,
      "30": -3.0,
      "40": -4.0,
      "50": -5.0
    },
    "Micro": {
      "0": 0.0,
      "5": -0.5,
      "10": -1.0,
      "15": -1.5,
      "20": -2.0,
      "30": -3.0,
      "40": -4.0,
      "50": -5.0
    },
    "Small": {
      "0": 0.0,
      "5": -0.5,
      "10": -1.0,
      "15": -1.5,
      "20": -2.0,
      "30": -3.0,
      "40": -4.0,
      "50": -5.0
    }
  }
}